-- creating new database for project --

CREATE DATABASE healthcare_project;
USE healthcare_project;

-- creating tables --

CREATE TABLE patients 
(Patient_ID VARCHAR(10) PRIMARY KEY,
    Name VARCHAR(100),
    Gender VARCHAR(10),
    Age INT);
    
desc patients;
    
CREATE TABLE departments 
(Department_ID INT PRIMARY KEY,
    Department VARCHAR(50));
    
  desc departments;  
    
CREATE TABLE doctors 
(Doctor_ID INT PRIMARY KEY,
    Doctor VARCHAR(100),
    Department_ID INT,
    FOREIGN KEY (Department_ID) REFERENCES departments(Department_ID));
    
  desc doctors;  
    
CREATE TABLE appointments 
(Appointment_ID INT AUTO_INCREMENT PRIMARY KEY,
    Patient_ID VARCHAR(10),
    Doctor_ID INT,
    Disease VARCHAR(100),
    Appointment_Date DATE,
    Appointment_Status VARCHAR(20),
    FOREIGN KEY (Patient_ID) REFERENCES patients(Patient_ID),
    FOREIGN KEY (Doctor_ID) REFERENCES doctors(Doctor_ID));
    
    desc appointments;
    
    -- inserting values into tables --
    
    
    -- insert into Table patient --
 
 INSERT INTO patients (Patient_ID, Name, Gender, Age) VALUES
('P0001', 'Brian Yang', 'Female', 32),
('P0002', 'Jonathan Johnson', 'Male', 76),
('P0003', 'Donald Booth', 'Male', 30),
('P0004', 'Tyler Rogers', 'Male', 84),
('P0005', 'Andrew Stevens', 'Female', 76),
('P0006', 'Lisa Hensley', 'Female', 44),
('P0007', 'Victoria Wyatt', 'Male', 12),
('P0008', 'Jacob Clark', 'Female', 6),
('P0009', 'Kimberly Sanchez', 'Female', 11),
('P0010', 'Melinda Cameron', 'Male', 9),
('P0011', 'Austin Gentry', 'Male', 30),
('P0012', 'Thomas Ellis', 'Female', 82),
('P0013', 'Jessica Silva', 'Female', 27),
('P0014', 'Anthony Rodriguez', 'Male', 69),
('P0015', 'Kyle Mcdonald', 'Female', 35),
('P0016', 'Melanie Herrera', 'Female', 8),
('P0017', 'Aaron Bowen', 'Female', 35),
('P0018', 'Sheila Evans', 'Female', 28),
('P0019', 'Troy Nielsen', 'Female', 19),
('P0020', 'Sherry Decker', 'Female', 75),
('P0021', 'Nicholas Cabrera', 'Female', 29),
('P0022', 'Carmen Rose', 'Female', 12),
('P0023', 'Christina Collins', 'Male', 88),
('P0024', 'Danny Morgan', 'Female', 77),
('P0025', 'Amy Jones', 'Male', 88),
('P0026', 'Cindy Anderson', 'Female', 15),
('P0027', 'Jason Davis', 'Male', 34),
('P0028', 'Megan Joyce', 'Male', 81),
('P0029', 'Corey Herrera', 'Male', 20),
('P0030', 'Jessica Callahan', 'Male', 77),
('P0031', 'Brandon Molina', 'Female', 40),
('P0032', 'Anthony Gray', 'Male', 11),
('P0033', 'Tyler Cowan', 'Male', 17),
('P0034', 'Anthony Fitzgerald', 'Female', 68),
('P0035', 'Sarah Moore', 'Male', 40),
('P0036', 'Cynthia Wilson', 'Female', 16),
('P0037', 'Matthew Cunningham', 'Male', 76),
('P0038', 'James Powers', 'Male', 10),
('P0039', 'Marc Hart', 'Male', 5),
('P0040', 'Shirley Suarez', 'Male', 36),
('P0041', 'William Roman', 'Male', 74),
('P0042', 'Teresa Taylor', 'Female', 25),
('P0043', 'Daniel Cooper', 'Female', 53),
('P0044', 'Sarah Davis', 'Male', 8),
('P0045', 'William Martin', 'Male', 25),
('P0046', 'Stephen Mckee', 'Female', 24),
('P0047', 'Andrew Diaz', 'Female', 71),
('P0048', 'David Garcia', 'Male', 31),
('P0049', 'Tammy Young', 'Male', 52),
('P0050', 'Norman Cook', 'Male', 50),
('P0051', 'Christopher Haynes', 'Female', 90),
('P0052', 'Julia Torres', 'Female', 20),
('P0053', 'Donald Jones', 'Male', 41),
('P0054', 'Ms. Teresa Wilson', 'Male', 8),
('P0055', 'Jeffrey Chandler', 'Male', 77),
('P0056', 'Cheryl Williams', 'Male', 73),
('P0057', 'Natalie Lambert', 'Male', 54),
('P0058', 'Mary Martinez', 'Female', 34),
('P0059', 'Edward Martinez', 'Female', 51),
('P0060', 'Keith Sullivan', 'Female', 10),
('P0061', 'Mary Marshall', 'Male', 10),
('P0062', 'Nancy Hopkins', 'Male', 45),
('P0063', 'Nicole Chambers', 'Female', 21),
('P0064', 'Miss Patricia Gibson', 'Female', 79),
('P0065', 'David Douglas Jr.', 'Female', 85),
('P0066', 'Robert Dominguez', 'Male', 14),
('P0067', 'Robert Contreras', 'Female', 78),
('P0068', 'Michelle Wagner', 'Female', 65),
('P0069', 'Joanna Walton', 'Female', 36),
('P0070', 'Denise Jones', 'Female', 21),
('P0071', 'Chris Reyes', 'Female', 72),
('P0072', 'Jennifer Clark', 'Male', 70),
('P0073', 'Spencer Johnston', 'Male', 56),
('P0074', 'Tiffany Barnes', 'Male', 46),
('P0075', 'Don Tucker MD', 'Male', 46),
('P0076', 'Cameron Dean', 'Male', 31),
('P0077', 'Jeffrey Camacho', 'Male', 23),
('P0078', 'Philip Gray', 'Male', 35),
('P0079', 'Paul Williams', 'Male', 61),
('P0080', 'Andre Wright', 'Female', 30),
('P0081', 'Kristy Robinson', 'Female', 36),
('P0082', 'Michelle Strickland', 'Female', 87),
('P0083', 'Michael Rubio', 'Male', 15),
('P0084', 'Dana Terry', 'Female', 5),
('P0085', 'Dr. Hannah Patterson', 'Female', 56),
('P0086', 'John Hamilton', 'Female', 74),
('P0087', 'Nicholas Sheppard', 'Female', 1),
('P0088', 'Roger Vargas', 'Male', 47),
('P0089', 'Dana Marshall', 'Female', 85),
('P0090', 'John Kelly', 'Female', 86),
('P0091', 'Adam Vaughan', 'Female', 71),
('P0092', 'John Joseph', 'Female', 87),
('P0093', 'Elizabeth Perkins', 'Female', 52),
('P0094', 'Heather Chavez', 'Female', 27),
('P0095', 'Joshua Gill', 'Female', 60),
('P0096', 'Paige Carlson', 'Female', 22),
('P0097', 'Michael Martinez', 'Female', 12),
('P0098', 'Sean Henry', 'Female', 29),
('P0099', 'Vincent King', 'Male', 32),
('P0100', 'Mark Brown', 'Female', 54),
('P0101', 'Justin Butler', 'Female', 64),
('P0102', 'Jeremy Dalton', 'Male', 14),
('P0103', 'Theresa Clark', 'Female', 7),
('P0104', 'Brooke Ortiz', 'Male', 60),
('P0105', 'Michele Gibson', 'Female', 57),
('P0106', 'Regina Gonzalez', 'Female', 21),
('P0107', 'Andrea Martin', 'Female', 32),
('P0108', 'John Torres', 'Female', 81),
('P0109', 'Andrew Reynolds', 'Female', 31),
('P0110', 'Shannon Matthews', 'Male', 18),
('P0111', 'Matthew Moon', 'Male', 28),
('P0112', 'Jason Morris', 'Female', 54),
('P0113', 'Tony Cervantes', 'Male', 74),
('P0114', 'Raymond Hancock', 'Female', 50),
('P0115', 'Isaiah Avila', 'Male', 63),
('P0116', 'Dwayne Gilmore', 'Male', 50),
('P0117', 'Christopher Pierce', 'Male', 60),
('P0118', 'Travis Holland', 'Male', 51),
('P0119', 'Mrs. Kristen Reyes', 'Female', 18),
('P0120', 'Raymond Dickerson', 'Female', 49),
('P0121', 'Edwin Matthews', 'Female', 49),
('P0122', 'Kimberly Gibson', 'Male', 61),
('P0123', 'Scott Jenkins', 'Female', 29),
('P0124', 'Matthew Hoover', 'Male', 26),
('P0125', 'Shelly Alexander', 'Male', 17),
('P0126', 'Tracy Jones', 'Male', 60),
('P0127', 'Sarah Phelps', 'Male', 21),
('P0128', 'Katherine Weaver', 'Male', 40),
('P0129', 'Nicole Hamilton MD', 'Male', 10),
('P0130', 'Allen Nguyen', 'Female', 88),
('P0131', 'Kylie Sparks', 'Male', 45),
('P0132', 'Kathleen Aguilar', 'Female', 2),
('P0133', 'Robert Santana', 'Female', 47),
('P0134', 'Elizabeth Hayden DDS', 'Male', 56),
('P0135', 'Mr. Kenneth Andrews', 'Female', 79),
('P0136', 'Keith Jennings', 'Female', 56),
('P0137', 'Stephanie Parsons', 'Female', 32),
('P0138', 'Megan Le', 'Female', 32),
('P0139', 'Amanda Kramer', 'Female', 44),
('P0140', 'Paul Thompson', 'Female', 28),
('P0141', 'Denise Martin', 'Female', 77),
('P0142', 'Gina Wilson', 'Male', 67),
('P0143', 'Veronica Coffey', 'Female', 63),
('P0144', 'Caleb Richardson', 'Female', 83),
('P0145', 'Ashley Hall', 'Male', 38),
('P0146', 'Maria Reid', 'Female', 61),
('P0147', 'Tracy Torres', 'Female', 46),
('P0148', 'Jacob Avery', 'Female', 30),
('P0149', 'Jason Garcia', 'Male', 69),
('P0150', 'Claudia Wallace', 'Male', 62),
('P0151', 'Vanessa Howard', 'Female', 13),
('P0152', 'Anna Lewis', 'Female', 23),
('P0153', 'Cameron Cunningham', 'Female', 6),
('P0154', 'Crystal Schroeder', 'Male', 82),
('P0155', 'Carlos King', 'Male', 74),
('P0156', 'Richard Chapman', 'Female', 24),
('P0157', 'Nichole Alvarez', 'Male', 9),
('P0158', 'Luis Acosta', 'Male', 20),
('P0159', 'Amy Mendoza', 'Male', 32),
('P0160', 'Steven Morris', 'Male', 67),
('P0161', 'Erika Vang', 'Female', 40),
('P0162', 'Ashley Pena', 'Male', 27),
('P0163', 'Darryl Morgan', 'Male', 21),
('P0164', 'David Mckay', 'Male', 1),
('P0165', 'Brent Rodgers', 'Female', 5),
('P0166', 'Meagan Jenkins', 'Female', 10),
('P0167', 'Tracy Burke', 'Male', 55),
('P0168', 'Dr. Gregory Hawkins', 'Male', 35),
('P0169', 'Vanessa Cardenas', 'Male', 40),
('P0170', 'Melissa Johnson', 'Female', 16),
('P0171', 'Sergio Knight', 'Female', 35),
('P0172', 'Joseph Bennett', 'Male', 77),
('P0173', 'Latoya Miller', 'Female', 78),
('P0174', 'Jeremy Coleman', 'Male', 87),
('P0175', 'Jeffrey Campbell', 'Male', 61),
('P0176', 'William Brown', 'Male', 75),
('P0177', 'Garrett Smith', 'Female', 45),
('P0178', 'Justin Barnett', 'Male', 21),
('P0179', 'Thomas Atkins', 'Female', 71),
('P0180', 'Jared Burch', 'Female', 42),
('P0181', 'Anita Richard', 'Male', 85),
('P0182', 'Nichole Walker', 'Male', 25),
('P0183', 'Susan Bailey', 'Female', 7),
('P0184', 'David Thompson', 'Female', 57),
('P0185', 'Kathleen Webster', 'Male', 81),
('P0186', 'Victoria Morris', 'Male', 40),
('P0187', 'Rebecca Vargas', 'Male', 29),
('P0188', 'Ronald Jones', 'Male', 83),
('P0189', 'Kevin Best', 'Female', 66),
('P0190', 'Erica Alvarez', 'Female', 32),
('P0191', 'Vickie Miller', 'Male', 77),
('P0192', 'Joseph Moore', 'Female', 54),
('P0193', 'Amy Mccoy', 'Male', 37),
('P0194', 'Nathaniel Douglas', 'Female', 20),
('P0195', 'Sydney Collins', 'Female', 71),
('P0196', 'Emily Bennett', 'Female', 25),
('P0197', 'Yolanda Gaines', 'Female', 30),
('P0198', 'Christopher Lewis', 'Female', 61),
('P0199', 'Ashley Wise', 'Male', 64),
('P0200', 'Lisa Harper', 'Female', 13),
('P0201', 'Carol Kim', 'Female', 2),
('P0202', 'Nicole Bowers', 'Male', 10),
('P0203', 'Russell Richardson', 'Female', 84),
('P0204', 'Tracy Montoya', 'Female', 41),
('P0205', 'Mr. Timothy Dawson', 'Male', 80),
('P0206', 'Taylor Hernandez', 'Male', 56),
('P0207', 'Tara Perry', 'Male', 89),
('P0208', 'Alfred Galvan', 'Female', 8),
('P0209', 'Thomas Kennedy', 'Male', 32),
('P0210', 'Bobby Scott', 'Male', 22),
('P0211', 'Ricardo Young', 'Male', 64),
('P0212', 'Brian Stein', 'Female', 82),
('P0213', 'Doris Smith', 'Male', 60),
('P0214', 'William Jones', 'Male', 57),
('P0215', 'Shane Williams', 'Female', 89),
('P0216', 'Nicholas Fuller', 'Female', 62),
('P0217', 'George Day', 'Female', 74),
('P0218', 'Robin Brown', 'Female', 36),
('P0219', 'Stacey Stewart', 'Female', 37),
('P0220', 'Paul Lee', 'Female', 29),
('P0221', 'Robert Kim', 'Male', 81),
('P0222', 'Kathleen Jimenez', 'Female', 5),
('P0223', 'Jeffrey Carney', 'Female', 42),
('P0224', 'Elizabeth Morrison', 'Male', 70),
('P0225', 'Susan Mendez', 'Female', 22),
('P0226', 'Mark Cox', 'Female', 15),
('P0227', 'Megan Kim', 'Male', 87),
('P0228', 'Keith Jacobs', 'Female', 12),
('P0229', 'Chad Richardson', 'Male', 59),
('P0230', 'Kathryn Hughes', 'Female', 82),
('P0231', 'Logan Benson', 'Male', 61),
('P0232', 'Micheal Osborn', 'Male', 83),
('P0233', 'Austin Daniels', 'Female', 84),
('P0234', 'Carrie Ward', 'Male', 39),
('P0235', 'Allison Spencer', 'Male', 69),
('P0236', 'Ana Sanders', 'Female', 76),
('P0237', 'Angela Compton', 'Male', 63),
('P0238', 'Ronald Arnold', 'Female', 28),
('P0239', 'Amy Martinez', 'Male', 88),
('P0240', 'Travis Stone', 'Female', 36),
('P0241', 'Beth Turner', 'Male', 85),
('P0242', 'Carolyn Weber', 'Male', 43),
('P0243', 'Alyssa Williams', 'Male', 9),
('P0244', 'Lisa Johnson', 'Male', 30),
('P0245', 'Dr. Michael Evans', 'Male', 36),
('P0246', 'Gerald Thomas', 'Female', 23),
('P0247', 'Bianca Wood', 'Male', 46),
('P0248', 'Charles Williams', 'Female', 3),
('P0249', 'Robin Peck', 'Female', 68),
('P0250', 'Kathleen Parker', 'Female', 47),
('P0251', 'Kevin Williams', 'Male', 79),
('P0252', 'Sarah Jordan', 'Female', 83),
('P0253', 'Anthony Hoffman', 'Female', 55),
('P0254', 'Diana Hays', 'Female', 10),
('P0255', 'William Grant', 'Male', 9),
('P0256', 'Amber Taylor', 'Female', 49),
('P0257', 'Brenda Velazquez', 'Female', 65),
('P0258', 'George Clayton', 'Male', 84),
('P0259', 'Brian Butler', 'Male', 56),
('P0260', 'John Coffey', 'Female', 59),
('P0261', 'John Warren', 'Female', 41),
('P0262', 'Amanda Vaughan', 'Female', 9),
('P0263', 'Damon Shaw', 'Female', 13),
('P0264', 'Charles Clark', 'Male', 76),
('P0265', 'Kimberly Lowe', 'Male', 53),
('P0266', 'Cheryl Wright', 'Male', 37),
('P0267', 'Michele Vaughn', 'Male', 20),
('P0268', 'Denise Martinez', 'Female', 72),
('P0269', 'Raymond Thomas', 'Male', 55),
('P0270', 'David Mendoza', 'Male', 78),
('P0271', 'Brian Yang', 'Male', 35),
('P0272', 'Amy Gutierrez', 'Female', 1),
('P0273', 'Vanessa Moore', 'Female', 9),
('P0274', 'Victor Morris', 'Male', 49),
('P0275', 'Parker Jefferson', 'Female', 40),
('P0276', 'Thomas Osborn', 'Male', 7),
('P0277', 'Donna Johnson', 'Male', 35),
('P0278', 'William Daniels', 'Female', 54),
('P0279', 'Robert Rivera', 'Female', 56),
('P0280', 'Rachel Bradley', 'Female', 6),
('P0281', 'Jeffrey Murphy', 'Male', 27),
('P0282', 'David Green', 'Female', 38),
('P0283', 'Laura Green', 'Female', 23),
('P0284', 'Jared Shaw', 'Male', 65),
('P0285', 'Teresa Richardson', 'Female', 6),
('P0286', 'Lisa Perry', 'Female', 74),
('P0287', 'Pamela Becker', 'Female', 38),
('P0288', 'Angela Elliott', 'Male', 80),
('P0289', 'Carmen Bond', 'Female', 14),
('P0290', 'Jordan Stokes', 'Male', 51),
('P0291', 'Megan Parker', 'Female', 22),
('P0292', 'Amber Cooper', 'Male', 45),
('P0293', 'Mrs. Donna White', 'Male', 19),
('P0294', 'Willie Reyes', 'Male', 84),
('P0295', 'Shelly Anderson', 'Female', 88),
('P0296', 'Monica Walker', 'Female', 81),
('P0297', 'Jessica Gray', 'Female', 57),
('P0298', 'Molly Rodriguez', 'Male', 46),
('P0299', 'Cynthia Jones', 'Female', 5),
('P0300', 'Patrick Morales', 'Male', 79),
('P0301', 'Wyatt Young', 'Male', 58),
('P0302', 'Erica Turner', 'Male', 42),
('P0303', 'Leslie Moss', 'Male', 58),
('P0304', 'Teresa Powers', 'Male', 65),
('P0305', 'Clinton Medina', 'Female', 57),
('P0306', 'Suzanne Hart', 'Female', 48),
('P0307', 'Matthew Nielsen', 'Female', 87),
('P0308', 'James Jacobs', 'Female', 13),
('P0309', 'Kristin Mendoza', 'Female', 85),
('P0310', 'Colton Figueroa', 'Female', 11),
('P0311', 'Kristen Rowe', 'Female', 84),
('P0312', 'Stephen Owens', 'Male', 40),
('P0313', 'Jason Hart', 'Male', 83),
('P0314', 'Michelle Phillips', 'Male', 47),
('P0315', 'Mr. Michael Scott PhD', 'Female', 25),
('P0316', 'Caroline Cortez', 'Male', 38),
('P0317', 'Kelly Combs', 'Male', 85),
('P0318', 'Ryan Hall', 'Female', 20),
('P0319', 'Mark Peck', 'Female', 6),
('P0320', 'Joseph Hill', 'Female', 58),
('P0321', 'Susan Rodriguez', 'Female', 25),
('P0322', 'Hector Norton', 'Female', 37),
('P0323', 'Courtney Sutton DVM', 'Female', 21),
('P0324', 'John Walsh', 'Female', 7),
('P0325', 'Kylie Hodge', 'Male', 67),
('P0326', 'Melissa Knight', 'Male', 35),
('P0327', 'Kristy Johnson', 'Female', 12),
('P0328', 'Robert Nicholson', 'Female', 4),
('P0329', 'Jasmine Mosley', 'Female', 31),
('P0330', 'Angela Mcgee', 'Male', 4),
('P0331', 'Randy Friedman', 'Female', 19),
('P0332', 'Joanne Perez', 'Male', 61),
('P0333', 'Angelica Montgomery', 'Male', 33),
('P0334', 'Richard Moore', 'Female', 15),
('P0335', 'Ian Nelson', 'Male', 7),
('P0336', 'Ashley Davis', 'Male', 15),
('P0337', 'Edgar Hughes', 'Male', 81),
('P0338', 'Joseph Jennings', 'Male', 38),
('P0339', 'Jeffrey Fisher', 'Male', 74),
('P0340', 'Kathleen Jensen', 'Female', 9),
('P0341', 'Manuel Brock', 'Male', 50),
('P0342', 'Linda Evans', 'Female', 48),
('P0343', 'Tracy Carter', 'Male', 45),
('P0344', 'Douglas Hartman', 'Female', 18),
('P0345', 'Melanie Pierce', 'Male', 88),
('P0346', 'Michael Fuentes', 'Male', 18),
('P0347', 'David Moore', 'Female', 26),
('P0348', 'James Hunter', 'Female', 40),
('P0349', 'Meredith Burnett', 'Female', 5),
('P0350', 'Heather Holland', 'Female', 7),
('P0351', 'Erin Hogan', 'Male', 48),
('P0352', 'Lauren Johnston', 'Female', 50),
('P0353', 'Brittany Cuevas', 'Female', 48),
('P0354', 'Todd Thomas', 'Male', 55),
('P0355', 'Brent Bowen', 'Female', 42),
('P0356', 'Samuel Wong', 'Female', 40),
('P0357', 'Kristen Rivera', 'Female', 45),
('P0358', 'Martin Reynolds', 'Female', 36),
('P0359', 'Aaron Lewis', 'Female', 47),
('P0360', 'Shane Lopez', 'Male', 78),
('P0361', 'Vincent Edwards MD', 'Male', 9),
('P0362', 'Robin Mccarthy', 'Female', 73),
('P0363', 'David Wilson', 'Female', 48),
('P0364', 'James Lopez', 'Male', 68),
('P0365', 'Christopher Roberts', 'Female', 32),
('P0366', 'Adam Taylor', 'Male', 64),
('P0367', 'John Mckinney', 'Female', 34),
('P0368', 'Donald Medina', 'Female', 89),
('P0369', 'Jorge Armstrong III', 'Male', 18),
('P0370', 'Nathan Payne', 'Female', 12),
('P0371', 'Zachary Cole', 'Female', 9),
('P0372', 'Robert Clark', 'Male', 90),
('P0373', 'Carol Taylor', 'Male', 16),
('P0374', 'Linda Jackson', 'Female', 4),
('P0375', 'Stephanie Ochoa', 'Female', 71),
('P0376', 'Sharon Martinez DVM', 'Female', 51),
('P0377', 'Jenna Thomas', 'Female', 53),
('P0378', 'Sheryl Davis', 'Female', 83),
('P0379', 'John Perkins', 'Female', 17),
('P0380', 'Matthew Howard', 'Male', 17),
('P0381', 'Kathleen Morris', 'Male', 39),
('P0382', 'Mr. Michael Williams', 'Male', 45),
('P0383', 'Brooke Bryant', 'Male', 33),
('P0384', 'Caitlin Cantu', 'Male', 81),
('P0385', 'Mariah Williams', 'Male', 76),
('P0386', 'Michele Smith', 'Female', 73),
('P0387', 'Adam Cooper', 'Male', 83),
('P0388', 'Nicholas Garcia', 'Male', 74),
('P0389', 'Shelly May', 'Female', 83),
('P0390', 'Jessica Bowen', 'Female', 39),
('P0391', 'Daniel Mosley', 'Female', 54),
('P0392', 'Emily Taylor', 'Male', 41),
('P0393', 'Dominique Pugh', 'Female', 52),
('P0394', 'Katrina Adkins', 'Male', 41),
('P0395', 'James Allen', 'Female', 32),
('P0396', 'Dr. Bonnie Valencia', 'Female', 79),
('P0397', 'William Jones', 'Female', 25),
('P0398', 'Richard Hunter', 'Female', 64),
('P0399', 'Martin Medina', 'Male', 51),
('P0400', 'Robert Herrera', 'Female', 7),
('P0401', 'Emily Kim', 'Female', 37),
('P0402', 'Logan Brown', 'Male', 34),
('P0403', 'Meredith Martin', 'Male', 52),
('P0404', 'Cameron Norman', 'Female', 71),
('P0405', 'Jeffrey Warren', 'Female', 71),
('P0406', 'Ian Porter', 'Male', 17),
('P0407', 'Megan Wilson', 'Female', 72),
('P0408', 'John Reyes', 'Female', 65),
('P0409', 'Michelle Rios', 'Female', 61),
('P0410', 'Blake Watson', 'Male', 42),
('P0411', 'Amber Morales', 'Female', 79),
('P0412', 'Juan Smith', 'Female', 65),
('P0413', 'Jacob Bonilla', 'Female', 61),
('P0414', 'Brittany Randolph', 'Male', 54),
('P0415', 'Tiffany Smith', 'Female', 34),
('P0416', 'William Barnes', 'Male', 7),
('P0417', 'David Bruce', 'Female', 19),
('P0418', 'Brendan Anderson', 'Male', 25),
('P0419', 'Bianca Carter', 'Male', 53),
('P0420', 'Emily Nelson', 'Female', 8),
('P0421', 'Brian Cole', 'Female', 85),
('P0422', 'Eric Baker', 'Male', 59),
('P0423', 'Lindsey Lewis', 'Female', 87),
('P0424', 'Jose Byrd', 'Female', 25),
('P0425', 'Kristi Pierce', 'Female', 29),
('P0426', 'Ronald Haas', 'Male', 89),
('P0427', 'Angela Willis', 'Female', 72),
('P0428', 'Jill Anderson', 'Male', 74),
('P0429', 'Amber Glass', 'Female', 19),
('P0430', 'Carrie Lewis', 'Male', 45),
('P0431', 'Lisa Holland', 'Female', 28),
('P0432', 'Chad Gonzalez', 'Female', 18),
('P0433', 'Alicia Reyes', 'Male', 7),
('P0434', 'Kathryn Price', 'Male', 7),
('P0435', 'Diana Stokes', 'Female', 13),
('P0436', 'Ariel Sandoval', 'Male', 53),
('P0437', 'Theresa Johnston', 'Male', 37),
('P0438', 'David Stewart', 'Male', 69),
('P0439', 'Theresa Elliott', 'Female', 23),
('P0440', 'Kimberly Thompson', 'Female', 24),
('P0441', 'April Hardin', 'Male', 39),
('P0442', 'Sheena Brown', 'Female', 59),
('P0443', 'Shannon Yu', 'Female', 18),
('P0444', 'Frank Daugherty', 'Male', 15),
('P0445', 'Carrie Novak', 'Female', 24),
('P0446', 'Robin Gray', 'Male', 23),
('P0447', 'Tiffany Myers', 'Female', 12),
('P0448', 'Tracy Walker', 'Male', 62),
('P0449', 'Gregory Flores', 'Female', 50),
('P0450', 'Stacie Griffin', 'Female', 75),
('P0451', 'Michelle Williams', 'Female', 89),
('P0452', 'James Payne Jr.', 'Female', 21),
('P0453', 'Jerry Lloyd', 'Female', 89),
('P0454', 'Christopher Bennett', 'Male', 29),
('P0455', 'William Barry', 'Female', 78),
('P0456', 'Brooke Garcia', 'Male', 32),
('P0457', 'Kimberly Guerrero', 'Female', 68),
('P0458', 'Brittany Ward', 'Male', 8),
('P0459', 'Mr. Daniel Little', 'Male', 22),
('P0460', 'Steven Baker', 'Male', 88),
('P0461', 'Jeremy Baker', 'Male', 66),
('P0462', 'Michael Davis', 'Male', 66),
('P0463', 'Kristen Randall', 'Female', 87),
('P0464', 'Laura Young', 'Female', 1),
('P0465', 'Stephanie Mcbride', 'Male', 55),
('P0466', 'Carol Lewis', 'Male', 9),
('P0467', 'Zachary Burton', 'Female', 53),
('P0468', 'Angie Hawkins', 'Female', 48),
('P0469', 'Rachel Dean', 'Female', 49),
('P0470', 'Lauren Hanna', 'Female', 16),
('P0471', 'Joseph Cooper', 'Male', 29),
('P0472', 'Christopher Powell', 'Female', 87),
('P0473', 'Erin Young', 'Female', 30),
('P0474', 'Riley Collins', 'Female', 25),
('P0475', 'William Ramos', 'Female', 79),
('P0476', 'Jeremy Mcintyre', 'Male', 9),
('P0477', 'Kaylee Moore', 'Male', 32),
('P0478', 'Laura Thompson', 'Male', 70),
('P0479', 'Thomas Bush', 'Female', 30),
('P0480', 'Melanie Allen', 'Female', 31),
('P0481', 'Hannah Martin', 'Male', 53),
('P0482', 'Anthony Nash', 'Male', 81),
('P0483', 'Debra Ortiz', 'Male', 45),
('P0484', 'Carlos Thompson', 'Female', 90),
('P0485', 'Walter Day', 'Female', 24),
('P0486', 'Eric Meyer', 'Male', 39),
('P0487', 'Sarah Brooks', 'Male', 72),
('P0488', 'Mr. Donald Nguyen', 'Male', 50),
('P0489', 'Chris Cannon', 'Male', 58),
('P0490', 'Francisco Taylor', 'Male', 7),
('P0491', 'James Johnson', 'Male', 10),
('P0492', 'Margaret Alvarez', 'Male', 62),
('P0493', 'Sherri White', 'Male', 28),
('P0494', 'Susan Arroyo', 'Female', 32),
('P0495', 'Elizabeth French', 'Male', 71),
('P0496', 'Anthony Walters', 'Female', 69),
('P0497', 'Sharon James', 'Female', 66),
('P0498', 'Grace Benitez DVM', 'Female', 41),
('P0499', 'Gary Hatfield', 'Female', 6),
('P0500', 'Caroline Duran', 'Male', 3);

select*from patients;


-- insert into Table department -- 

INSERT INTO departments (Department_ID, Department) VALUES
(1, 'Cardiology'),
(2, 'Pediatrics'),
(3, 'Neurology'),
(4, 'Orthopedics'),
(5, 'General Medicine');


select*from departments;


-- insert into table doctors --

INSERT INTO doctors (Doctor_ID, Doctor, Department_ID) VALUES
(1, 'Patrick Sanchez', 1),
(2, 'Javier Johnson', 1),
(3, 'Meredith Barnes', 1),
(4, 'Melissa Peterson', 1),
(5, 'Ian Cooper', 2),
(6, 'Jamie Arnold', 1),
(7, 'Benjamin Stanley', 3),
(8, 'Donald Reid', 4),
(9, 'Melinda Jones', 5),
(10, 'William Bowman', 5),
(11, 'Rodney Trujillo', 3),
(12, 'Emily Rios', 2),
(13, 'Patrick Ryan', 3),
(14, 'Zachary Hicks', 1),
(15, 'Michael Carlson', 3),
(16, 'Shannon Smith', 5),
(17, 'Gina Carter', 1),
(18, 'Jonathan White', 5),
(19, 'Christina Brooks', 2),
(20, 'Fred Smith', 3),
(21, 'David Bradley', 5),
(22, 'Beth Keller', 3),
(23, 'Daniel Ryan', 1),
(24, 'Jessica Holmes', 1),
(25, 'Leah Smith', 5),
(26, 'Andrea Young', 5),
(27, 'Laura Sanchez', 3),
(28, 'Jeff Owens', 3),
(29, 'Nicholas Mcbride', 5),
(30, 'Donald Wright', 3),
(31, 'Matthew Fernandez', 1),
(32, 'John Lewis', 3),
(33, 'Richard Gibson', 1),
(34, 'Katelyn Lee', 5),
(35, 'Amy Silva', 2),
(36, 'Cody Larson', 4),
(37, 'Lauren Williams', 1),
(38, 'Christina Moran', 5),
(39, 'Timothy Walls', 1),
(40, 'Daniel Baker', 1),
(41, 'Jeffrey Daniels', 3),
(42, 'Robert Evans', 3),
(43, 'Natalie Moore', 2),
(44, 'Deborah Freeman', 1),
(45, 'Amanda Cook', 4),
(46, 'Jessica Smith', 2),
(47, 'Jacob Tran', 3),
(48, 'Shannon Nolan', 5),
(49, 'Shelly Dickson', 2),
(50, 'Rita Keith', 3),
(51, 'Michael Moss', 2),
(52, 'Shannon Walker', 5),
(53, 'Courtney Keller', 3),
(54, 'Martin Ross', 5),
(55, 'Victor Baker', 1),
(56, 'William Wilson', 3),
(57, 'Timothy Ryan', 5),
(58, 'Travis Mccall', 5),
(59, 'Eric Ortiz', 4),
(60, 'Jamie Adkins', 4),
(61, 'Dustin Jordan', 5),
(62, 'Kayla Leon', 5),
(63, 'Mackenzie Rogers', 3),
(64, 'Brittany Williams', 5),
(65, 'Cheyenne Horton', 5),
(66, 'Stacey Osborne', 3),
(67, 'David Charles', 3),
(68, 'Tiffany Vance', 4),
(69, 'Jill Moore', 1),
(70, 'Pamela Boyd', 4),
(71, 'George Orozco', 5),
(72, 'Amy Russell', 1),
(73, 'Randy Shah', 4),
(74, 'Guy Molina', 4),
(75, 'Rebecca Hurst', 3),
(76, 'Jennifer Martin', 2),
(77, 'Leslie Alvarado', 3),
(78, 'James Lewis', 4),
(79, 'Jennifer Conley', 1),
(80, 'Barry Bernard', 2),
(81, 'Christian Martinez', 3),
(82, 'Jacob Obrien', 4),
(83, 'Ashley Johnson', 5),
(84, 'Christina Vargas', 4),
(85, 'Lindsay Martinez', 2),
(86, 'Matthew Smith', 5),
(87, 'Sandra Zimmerman', 1),
(88, 'Tamara Hampton', 5),
(89, 'Sandra Miller', 4),
(90, 'Gabrielle Snyder', 4),
(91, 'Spencer Haynes', 2),
(92, 'Jason Peters', 2),
(93, 'Anna Walker', 3),
(94, 'Hailey Barajas', 1),
(95, 'Bryan Lee', 5),
(96, 'Parker Hill', 3),
(97, 'Elizabeth Ward', 4),
(98, 'Kristen Terry', 3),
(99, 'Duane Mendoza', 3),
(100, 'Rodney Morales', 5),
(101, 'Tiffany Miller', 5),
(102, 'Courtney Mills', 3),
(103, 'Marc Lynch', 3),
(104, 'Brad Allen', 1),
(105, 'Doris Hall', 5),
(106, 'Dennis Moody', 5),
(107, 'Maria Kerr', 2),
(108, 'Samantha Morse', 4),
(109, 'Kathryn Snyder', 2),
(110, 'Allison Perez', 4),
(111, 'Miss Debra Williams PhD', 2),
(112, 'Jessica Olsen DVM', 2),
(113, 'Erin Steele', 2),
(114, 'Brandon King', 1),
(115, 'Mary Daniels MD', 2),
(116, 'Anthony Adams', 2),
(117, 'William Lynch', 2),
(118, 'Danny Skinner', 5),
(119, 'Dr. Jordan Hill PhD', 1),
(120, 'Nicole Taylor', 3),
(121, 'Katie Hoover', 2),
(122, 'Charles Ryan MD', 2),
(123, 'Veronica Allen', 5),
(124, 'Michele Shepherd', 1),
(125, 'Andrew Shaw MD', 5),
(126, 'Alexis Thomas', 1),
(127, 'Gina Schwartz', 4),
(128, 'Tiffany Sims', 1),
(129, 'Mark Mccall', 2),
(130, 'Ashlee Jackson', 3),
(131, 'James Thomas', 1),
(132, 'Leon Reyes', 4),
(133, 'David Scott', 2),
(134, 'Angela Landry', 2),
(135, 'Christina Cruz', 5),
(136, 'William Barrett', 5),
(137, 'Susan Mcgee', 5),
(138, 'Heather Fields', 1),
(139, 'Breanna Davis', 5),
(140, 'Morgan Davis', 4),
(141, 'Sherri Diaz', 4),
(142, 'Karen Drake', 4),
(143, 'Vincent Dalton', 1),
(144, 'Ann Foster', 3),
(145, 'Lauren Carson', 2),
(146, 'Terri Murphy', 3),
(147, 'Elizabeth Ortiz', 4),
(148, 'David Medina', 4),
(149, 'Jennifer Newton', 3),
(150, 'Teresa Ramirez', 3),
(151, 'Ariana Jennings', 5),
(152, 'Walter Rush', 4),
(153, 'Alison Buchanan', 5),
(154, 'Kristen Willis', 5),
(155, 'April Garrison', 2),
(156, 'Sean Anderson', 2),
(157, 'Anthony Harmon', 4),
(158, 'Kevin Hayes', 1),
(159, 'Kelly Ellis', 5),
(160, 'Brian Joseph', 2),
(161, 'Donald Schultz', 2),
(162, 'Jonathan Jordan', 1),
(163, 'Michelle Lewis', 4),
(164, 'Nicholas Edwards', 5),
(165, 'Andrea Decker', 5),
(166, 'Anthony Frye', 4),
(167, 'Nicole Parrish', 4),
(168, 'Jordan Moore', 3),
(169, 'Laura Aguirre', 1),
(170, 'Kristin Lynch', 5),
(171, 'Ellen Morgan', 4),
(172, 'Patrick Bonilla', 2),
(173, 'Jacob Griffith', 2),
(174, 'Paul Williams', 1),
(175, 'Donald Fischer', 5),
(176, 'Kelsey Parker', 2),
(177, 'Daniel Taylor', 2),
(178, 'Carl Patel', 4),
(179, 'Scott Williams', 2),
(180, 'Jared Bowman', 1),
(181, 'Lisa Collier', 2),
(182, 'James Miller', 2),
(183, 'Jordan Wilson', 5),
(184, 'Maria Hernandez', 5),
(185, 'Mary Thompson', 2),
(186, 'Melanie Macias', 3),
(187, 'Jeremiah Harrison', 5),
(188, 'Emily Hayes', 1),
(189, 'Ann Wheeler', 2),
(190, 'Joanna Pacheco', 2),
(191, 'Joanna Shepherd', 3),
(192, 'David Kim', 3),
(193, 'Jasmine Schroeder', 5),
(194, 'Brandon Gregory', 5),
(195, 'Brittany Miller', 2),
(196, 'Jenna Larson', 2),
(197, 'Carl Warner', 3),
(198, 'Jessica Cox', 2),
(199, 'Mr. Chad Jones', 2),
(200, 'Kelsey Stanley', 3),
(201, 'Ronald Wise', 2),
(202, 'Nathan Montes', 2),
(203, 'Emily Stokes', 4),
(204, 'Mrs. Diane Reyes', 4),
(205, 'Shelley Williams', 2),
(206, 'Dominique Hines', 4),
(207, 'Thomas Velasquez', 1),
(208, 'Cynthia Vang', 1),
(209, 'Gabriela Thomas', 4),
(210, 'Michael West', 5),
(211, 'Todd Lynch', 5),
(212, 'Jason Bauer', 3),
(213, 'Lynn Andrews', 4),
(214, 'Jason Beck', 5),
(215, 'Rachel Romero', 5),
(216, 'Mrs. Alexis Kramer', 4),
(217, 'Nicole Anderson', 2),
(218, 'Julie Dominguez', 4),
(219, 'Amanda Harris', 1),
(220, 'Virginia Daniels', 3),
(221, 'Amber Rios', 5),
(222, 'Stephanie Hughes', 1),
(223, 'Debra Miller', 3),
(224, 'Erica Miller', 3),
(225, 'Jeremy West', 4),
(226, 'William Gould', 2),
(227, 'Caitlin Johnson', 1),
(228, 'Richard Diaz', 2),
(229, 'Jacob Wallace', 1),
(230, 'Danielle Wilson', 4),
(231, 'Reginald Padilla', 1),
(232, 'Chad Jones', 5),
(233, 'Sarah Flores', 2),
(234, 'Christopher Mckinney', 3),
(235, 'Curtis Taylor', 1),
(236, 'William Anderson', 2),
(237, 'Kelly Hammond', 3),
(238, 'John Holmes', 4),
(239, 'Vincent Reynolds', 3),
(240, 'Christopher Donovan', 4),
(241, 'Danielle Reid', 1),
(242, 'Martin Vargas', 5),
(243, 'Sarah Elliott', 3),
(244, 'Deborah Clark', 5),
(245, 'Donna Frye', 3),
(246, 'Brooke Perry', 3),
(247, 'Morgan Valencia', 1),
(248, 'David Martinez', 3),
(249, 'Jennifer Estes', 1),
(250, 'Phillip Jimenez', 1),
(251, 'James Bryant', 1),
(252, 'Stephen Pena MD', 5),
(253, 'Jacob Powell', 1),
(254, 'Angel Gordon', 2),
(255, 'Betty Davis', 4),
(256, 'Christina Hicks', 5),
(257, 'Kelly Hernandez', 5),
(258, 'William Stevenson', 1),
(259, 'Justin Wells Jr.', 5),
(260, 'Molly Watts', 3),
(261, 'Laura Perez', 1),
(262, 'Sarah Hernandez', 4),
(263, 'Jeremy Barnes', 1),
(264, 'Shelley Fitzgerald', 4),
(265, 'Mrs. Jamie Frye DDS', 5),
(266, 'Maria Steele', 2),
(267, 'Todd Hendrix', 4),
(268, 'Gregory Peck', 3),
(269, 'Stephanie Foster', 4),
(270, 'Miguel Reed', 5),
(271, 'Denise Hoffman', 4),
(272, 'Michael Schmidt', 4),
(273, 'Michael Taylor', 3),
(274, 'Sherry Woods', 1),
(275, 'Randy Pearson', 4),
(276, 'Carrie Khan', 5),
(277, 'Charlotte Curry', 5),
(278, 'Ashley Bird', 2),
(279, 'Brandi Gordon', 5),
(280, 'David Lopez', 5),
(281, 'Levi Fowler', 5),
(282, 'Cathy Taylor', 3),
(283, 'Derek Rivera', 1),
(284, 'Amy Wilson', 5),
(285, 'Patricia Vaughn', 4),
(286, 'Casey Hernandez', 2),
(287, 'Nicole Pham', 2),
(288, 'Angela Griffin', 1),
(289, 'Stephanie Harris', 4),
(290, 'Daniel Aguilar', 5),
(291, 'Jason Elliott', 4),
(292, 'Robert Reese', 1),
(293, 'Amy Shannon', 3),
(294, 'Veronica Brewer', 3),
(295, 'Jamie Miller', 2),
(296, 'Christopher Medina', 5),
(297, 'Veronica Ford', 2),
(298, 'Gregory Hill', 4),
(299, 'Lisa Mayer', 4),
(300, 'Kyle Warner', 4),
(301, 'Nicole Parsons', 2),
(302, 'Emma Harper', 5),
(303, 'Ms. Jennifer Hill', 5),
(304, 'Jessica Simpson', 4),
(305, 'Melissa Russell', 1),
(306, 'Elizabeth Zimmerman', 5),
(307, 'Brandi Sanchez', 2),
(308, 'Joseph Calderon', 4),
(309, 'Chelsea Gill', 2),
(310, 'Elizabeth Stout', 5),
(311, 'Mrs. Dana Munoz MD', 3),
(312, 'Matthew Parker', 2),
(313, 'Mrs. Sara Rocha', 4),
(314, 'Alexis Tran', 5),
(315, 'James Whitaker', 3),
(316, 'Katherine Jackson', 3),
(317, 'Steve Mooney', 1),
(318, 'Mary Duran', 5),
(319, 'Daniel Bryant', 5),
(320, 'Mr. Aaron Arnold', 3),
(321, 'Robert Craig', 3),
(322, 'Daisy Harvey', 5),
(323, 'Jared Cunningham', 5),
(324, 'Marie Johnson MD', 5),
(325, 'Jonathan Hamilton', 4),
(326, 'Tamara Hall', 4),
(327, 'Benjamin Frost', 5),
(328, 'Alexis Clark', 3),
(329, 'Christopher Allen', 2),
(330, 'Patrick Gibbs', 1),
(331, 'Jeffrey Roberson', 1),
(332, 'Erin Walters', 4),
(333, 'Jessica Frazier', 1),
(334, 'Benjamin Adams', 3),
(335, 'Brian Smith', 3),
(336, 'Jeffrey Hawkins', 5),
(337, 'Kyle Nguyen', 2),
(338, 'Kristin Haney', 3),
(339, 'Eric Snyder', 5),
(340, 'Heather Raymond', 1),
(341, 'Eric Rush', 5),
(342, 'Jeffrey Colon', 1),
(343, 'Christina Edwards', 1),
(344, 'Tracy Casey', 1),
(345, 'Justin Vargas', 5),
(346, 'Michael Gonzales', 2),
(347, 'Megan Taylor', 2),
(348, 'Angela Ewing', 3),
(349, 'Jennifer Johnson', 5),
(350, 'Angela Mack', 3),
(351, 'Maria Lucas', 4),
(352, 'David Dixon', 2),
(353, 'Joel Frazier', 3),
(354, 'Jason Nixon', 5),
(355, 'Richard Boyd', 5),
(356, 'Eric Patrick', 4),
(357, 'Tara Yang', 2),
(358, 'Crystal Sullivan', 4),
(359, 'Sonya Cole', 1),
(360, 'Rhonda Brown', 3),
(361, 'Brian Lambert', 2),
(362, 'Hannah Bruce', 4),
(363, 'Leslie Powers', 3),
(364, 'Kayla Barnes', 1),
(365, 'Tamara Arias', 4),
(366, 'Jerry Brown', 1),
(367, 'Justin Delgado', 5),
(368, 'Bradley Johnson DDS', 3),
(369, 'Krystal Barton', 2),
(370, 'Holly Carson', 2),
(371, 'Ronald Potter', 4),
(372, 'Angie Grimes', 4),
(373, 'Heather Page', 4),
(374, 'Renee Hudson', 3),
(375, 'Kenneth Farley', 5),
(376, 'Rachel Sellers', 1),
(377, 'Frank Wright', 2),
(378, 'Jason Hayes', 1),
(379, 'Melissa Wiley', 2),
(380, 'Morgan Simon', 5),
(381, 'Jennifer Donaldson', 1),
(382, 'Kenneth Knight', 4),
(383, 'Sara Smith', 5),
(384, 'Michael Anderson', 5),
(385, 'Isaac Miller', 5),
(386, 'Michael Young', 3),
(387, 'Kevin Stone', 1),
(388, 'Jennifer Anderson MD', 4),
(389, 'Edwin Reyes', 1),
(390, 'Joseph Smith', 2),
(391, 'Tamara Jensen', 1),
(392, 'Leah Cruz', 3),
(393, 'Danielle Burke', 4),
(394, 'Mary Turner', 4),
(395, 'Rachel Leon', 1),
(396, 'Kelsey Levine', 1),
(397, 'Joshua Thompson', 3),
(398, 'Dennis Williams', 2),
(399, 'Pamela Henderson', 2),
(400, 'Eric Dixon', 3),
(401, 'Pamela Santos', 2),
(402, 'David Middleton', 1),
(403, 'Natalie Wilson', 2),
(404, 'Rachel Le', 5),
(405, 'Bailey Yoder', 2),
(406, 'Laura Jones', 5),
(407, 'Christopher Ayala', 2),
(408, 'Amanda Roy', 3),
(409, 'Tyler Johnson', 1),
(410, 'Jason Cortez', 3),
(411, 'Amy Walker', 4),
(412, 'Douglas Kirk', 4),
(413, 'Richard Stevenson', 5),
(414, 'Morgan Payne', 4),
(415, 'Gregory Franco', 1),
(416, 'Oscar Parker', 5),
(417, 'Brenda Ramirez', 3),
(418, 'Jacqueline Villegas', 3),
(419, 'Kevin Brown', 4),
(420, 'Robert Haynes', 2),
(421, 'Brandy Carrillo', 5),
(422, 'Joshua Oconnell', 2),
(423, 'Robert Torres', 4),
(424, 'Brandon Wright', 4),
(425, 'Carrie Crane', 4),
(426, 'Robert Taylor', 4),
(427, 'James Parks', 4),
(428, 'Alison Brown', 4),
(429, 'Rhonda Martinez', 2),
(430, 'Jennifer Johnson', 4),
(431, 'Jeremy Hernandez', 4),
(432, 'Juan Brown', 5),
(433, 'Danielle Mcknight', 5),
(434, 'Joshua Washington', 5),
(435, 'Kyle Johnson', 4),
(436, 'Pamela Key', 3),
(437, 'Raven Mclaughlin', 2),
(438, 'Timothy Frey', 1),
(439, 'Suzanne Johnson', 1),
(440, 'Sara Cochran', 1),
(441, 'David Robinson', 4),
(442, 'Gina Thompson', 1),
(443, 'Sylvia Schroeder', 5),
(444, 'Mary Willis', 2),
(445, 'Rebecca Yu', 2),
(446, 'Lisa Kelly', 4),
(447, 'Bethany Daniel', 2),
(448, 'Amanda Guzman', 1),
(449, 'Jon Rivera', 3),
(450, 'Ann Fletcher', 4),
(451, 'Michael Bell', 1),
(452, 'Tracy Wilkerson', 1),
(453, 'Laura Chang', 5),
(454, 'Fernando Lynn', 4),
(455, 'Tom Spence', 2),
(456, 'Tommy Martin', 5),
(457, 'Jennifer Spencer', 5),
(458, 'Anthony Armstrong', 1),
(459, 'Rodney Weber', 5),
(460, 'Brian Glover', 5),
(461, 'Cathy Mcclure', 5),
(462, 'Russell Elliott', 1),
(463, 'Joshua Arellano', 5),
(464, 'Tracie Mcdaniel', 1),
(465, 'Steven Klein', 5),
(466, 'Mrs. Tiffany Cole', 1),
(467, 'Jay Mcneil', 2),
(468, 'Emma Acosta', 3),
(469, 'Donald Ellis', 2),
(470, 'Ashley Hernandez', 5),
(471, 'Kristine Garcia', 5),
(472, 'Matthew Armstrong', 1),
(473, 'Melissa Williams', 2),
(474, 'Derrick Watson', 4),
(475, 'Michael Garcia PhD', 1),
(476, 'Nicholas Jacobs', 1),
(477, 'Olivia Camacho', 1),
(478, 'Jennifer Deleon', 2),
(479, 'Sara Wright', 1),
(480, 'John Sanders', 5),
(481, 'Cassandra Harrell', 3),
(482, 'Ronald Davis', 1),
(483, 'Shannon Holland', 5),
(484, 'Tracy Fleming', 2),
(485, 'David Trujillo', 3),
(486, 'Sarah Stevens', 2),
(487, 'Brian Hunt', 3),
(488, 'Diane Cohen', 2),
(489, 'Michael Stafford', 3),
(490, 'Scott Patrick', 1),
(491, 'Yolanda Green', 5),
(492, 'Rose Cooper DDS', 5),
(493, 'Katie Bruce', 4),
(494, 'Patrick Hardy', 1),
(495, 'Brandon Kelly', 3),
(496, 'Kevin Ford', 4),
(497, 'Andrea Preston', 4),
(498, 'Seth Hernandez', 2),
(499, 'Scott White', 4),
(500, 'Abigail Hill', 3);

select*from doctors;

-- insert into table  appointments       --

INSERT INTO appointments (Patient_ID, Doctor_ID, Disease, Appointment_Date, Appointment_Status) VALUES
('P0001', 1, 'Heart Attack', '2025-03-08', 'Attended'),
('P0002', 2, 'Arrhythmia', '2025-01-30', 'Attended'),
('P0003', 3, 'Heart Attack', '2024-09-18', 'Attended'),
('P0004', 4, 'Arrhythmia', '2025-04-23', 'Missed'),
('P0005', 5, 'Fever', '2024-08-08', 'Attended'),
('P0006', 6, 'Heart Attack', '2024-08-20', 'Attended'),
('P0007', 7, 'Epilepsy', '2025-02-12', 'Attended'),
('P0008', 8, 'Arthritis', '2025-06-04', 'Missed'),
('P0009', 9, 'Diabetes', '2024-10-14', 'Attended'),
('P0010', 10, 'Flu', '2024-12-29', 'Attended'),
('P0011', 11, 'Epilepsy', '2025-04-30', 'Missed'),
('P0012', 12, 'Cold & Cough', '2025-02-08', 'Missed'),
('P0013', 13, 'Epilepsy', '2024-10-13', 'Attended'),
('P0014', 14, 'Arrhythmia', '2024-11-20', 'Missed'),
('P0015', 15, 'Epilepsy', '2025-03-03', 'Cancelled'),
('P0016', 16, 'Diabetes', '2024-10-08', 'Attended'),
('P0017', 17, 'Hypertension', '2024-10-14', 'Attended'),
('P0018', 18, 'Thyroid', '2025-04-08', 'Attended'),
('P0019', 19, 'Chickenpox', '2025-03-08', 'Attended'),
('P0020', 20, 'Stroke', '2025-06-24', 'Attended'),
('P0021', 21, 'Flu', '2024-10-30', 'Cancelled'),
('P0022', 22, 'Stroke', '2025-04-24', 'Missed'),
('P0023', 23, 'Heart Attack', '2025-02-23', 'Attended'),
('P0024', 24, 'Hypertension', '2025-03-20', 'Cancelled'),
('P0025', 25, 'Flu', '2025-02-16', 'Missed'),
('P0026', 26, 'Flu', '2024-07-15', 'Attended'),
('P0027', 27, 'Epilepsy', '2025-07-01', 'Cancelled'),
('P0028', 28, 'Stroke', '2025-03-15', 'Attended'),
('P0029', 29, 'Thyroid', '2024-08-10', 'Attended'),
('P0030', 30, 'Stroke', '2024-08-26', 'Attended'),
('P0031', 31, 'Heart Attack', '2025-02-01', 'Attended'),
('P0032', 32, 'Stroke', '2024-10-02', 'Missed'),
('P0033', 33, 'Arrhythmia', '2024-12-01', 'Attended'),
('P0034', 34, 'Diabetes', '2025-02-03', 'Missed'),
('P0035', 35, 'Fever', '2024-07-26', 'Attended'),
('P0036', 36, 'Arthritis', '2025-01-16', 'Attended'),
('P0037', 37, 'Hypertension', '2025-06-13', 'Attended'),
('P0038', 38, 'Diabetes', '2024-11-02', 'Missed'),
('P0039', 39, 'Heart Attack', '2024-10-27', 'Missed'),
('P0040', 40, 'Arrhythmia', '2024-08-10', 'Attended'),
('P0041', 41, 'Stroke', '2024-11-23', 'Attended'),
('P0042', 42, 'Epilepsy', '2025-01-24', 'Attended'),
('P0043', 43, 'Cold & Cough', '2024-08-16', 'Attended'),
('P0044', 44, 'Arrhythmia', '2025-03-26', 'Attended'),
('P0045', 45, 'Fracture', '2024-12-14', 'Attended'),
('P0046', 46, 'Fever', '2024-12-21', 'Attended'),
('P0047', 47, 'Migraine', '2025-01-30', 'Attended'),
('P0048', 48, 'Diabetes', '2025-06-30', 'Attended'),
('P0049', 49, 'Cold & Cough', '2025-05-01', 'Cancelled'),
('P0050', 50, 'Epilepsy', '2024-09-04', 'Attended'),
('P0051', 51, 'Cold & Cough', '2025-06-29', 'Cancelled'),
('P0052', 52, 'Thyroid', '2024-11-28', 'Attended'),
('P0053', 53, 'Migraine', '2025-05-07', 'Attended'),
('P0054', 54, 'Flu', '2025-04-29', 'Cancelled'),
('P0055', 55, 'Heart Attack', '2024-10-12', 'Attended'),
('P0056', 56, 'Epilepsy', '2024-11-01', 'Attended'),
('P0057', 57, 'Diabetes', '2024-12-19', 'Attended'),
('P0058', 58, 'Thyroid', '2024-11-21', 'Attended'),
('P0059', 59, 'Fracture', '2025-06-17', 'Attended'),
('P0060', 60, 'Arthritis', '2024-12-13', 'Attended'),
('P0061', 61, 'Thyroid', '2025-05-22', 'Attended'),
('P0062', 62, 'Flu', '2024-12-21', 'Missed'),
('P0063', 63, 'Epilepsy', '2024-10-21', 'Attended'),
('P0064', 64, 'Thyroid', '2024-09-28', 'Cancelled'),
('P0065', 65, 'Diabetes', '2025-06-12', 'Attended'),
('P0066', 66, 'Epilepsy', '2025-04-20', 'Missed'),
('P0067', 67, 'Epilepsy', '2024-12-30', 'Attended'),
('P0068', 68, 'Fracture', '2025-02-05', 'Attended'),
('P0069', 69, 'Heart Attack', '2025-05-21', 'Attended'),
('P0070', 70, 'Fracture', '2025-05-25', 'Missed'),
('P0071', 71, 'Thyroid', '2024-10-21', 'Attended'),
('P0072', 72, 'Arrhythmia', '2024-08-31', 'Attended'),
('P0073', 73, 'Back Pain', '2024-12-13', 'Attended'),
('P0074', 74, 'Arthritis', '2025-01-04', 'Attended'),
('P0075', 75, 'Stroke', '2025-04-19', 'Missed'),
('P0076', 76, 'Chickenpox', '2025-03-19', 'Missed'),
('P0077', 77, 'Epilepsy', '2024-07-13', 'Missed'),
('P0078', 78, 'Arthritis', '2024-09-11', 'Attended'),
('P0079', 79, 'Hypertension', '2025-04-21', 'Attended'),
('P0080', 80, 'Cold & Cough', '2024-11-15', 'Attended'),
('P0081', 81, 'Epilepsy', '2025-05-24', 'Missed'),
('P0082', 82, 'Arthritis', '2025-03-31', 'Cancelled'),
('P0083', 83, 'Flu', '2024-09-04', 'Missed'),
('P0084', 84, 'Fracture', '2024-12-04', 'Attended'),
('P0085', 85, 'Cold & Cough', '2024-10-28', 'Attended'),
('P0086', 86, 'Diabetes', '2024-11-23', 'Attended'),
('P0087', 87, 'Arrhythmia', '2024-11-20', 'Attended'),
('P0088', 88, 'Thyroid', '2024-10-15', 'Attended'),
('P0089', 89, 'Back Pain', '2024-11-05', 'Missed'),
('P0090', 90, 'Back Pain', '2025-02-25', 'Attended'),
('P0091', 91, 'Chickenpox', '2024-10-11', 'Attended'),
('P0092', 92, 'Chickenpox', '2024-08-05', 'Missed'),
('P0093', 93, 'Stroke', '2024-12-24', 'Attended'),
('P0094', 94, 'Hypertension', '2025-01-02', 'Attended'),
('P0095', 95, 'Thyroid', '2024-10-30', 'Attended'),
('P0096', 96, 'Stroke', '2024-09-12', 'Attended'),
('P0097', 97, 'Back Pain', '2024-08-11', 'Missed'),
('P0098', 98, 'Stroke', '2024-07-20', 'Missed'),
('P0099', 99, 'Migraine', '2025-06-06', 'Cancelled'),
('P0100', 100, 'Diabetes', '2025-06-02', 'Missed'),
('P0101', 101, 'Diabetes', '2024-08-29', 'Attended'),
('P0102', 102, 'Stroke', '2025-02-19', 'Missed'),
('P0103', 103, 'Migraine', '2024-12-16', 'Attended'),
('P0104', 104, 'Hypertension', '2024-09-22', 'Attended'),
('P0105', 105, 'Thyroid', '2025-03-27', 'Attended'),
('P0106', 106, 'Flu', '2025-03-26', 'Missed'),
('P0107', 107, 'Cold & Cough', '2024-08-16', 'Missed'),
('P0108', 108, 'Back Pain', '2024-10-30', 'Attended'),
('P0109', 109, 'Fever', '2024-12-06', 'Attended'),
('P0110', 110, 'Back Pain', '2024-11-05', 'Attended'),
('P0111', 111, 'Chickenpox', '2024-07-11', 'Attended'),
('P0112', 112, 'Cold & Cough', '2024-09-11', 'Attended'),
('P0113', 113, 'Cold & Cough', '2024-08-12', 'Attended'),
('P0114', 114, 'Hypertension', '2025-02-01', 'Missed'),
('P0115', 115, 'Chickenpox', '2025-05-19', 'Attended'),
('P0116', 116, 'Cold & Cough', '2025-03-02', 'Attended'),
('P0117', 117, 'Chickenpox', '2025-01-07', 'Cancelled'),
('P0118', 118, 'Thyroid', '2025-02-02', 'Attended'),
('P0119', 119, 'Heart Attack', '2024-08-31', 'Missed'),
('P0120', 120, 'Migraine', '2025-06-26', 'Attended'),
('P0121', 121, 'Cold & Cough', '2024-11-11', 'Attended'),
('P0122', 122, 'Cold & Cough', '2025-03-16', 'Attended'),
('P0123', 123, 'Diabetes', '2024-11-04', 'Attended'),
('P0124', 124, 'Heart Attack', '2024-11-03', 'Missed'),
('P0125', 125, 'Diabetes', '2024-08-31', 'Attended'),
('P0126', 126, 'Arrhythmia', '2025-01-23', 'Attended'),
('P0127', 127, 'Fracture', '2025-05-02', 'Cancelled'),
('P0128', 128, 'Arrhythmia', '2025-06-01', 'Attended'),
('P0129', 129, 'Cold & Cough', '2025-02-27', 'Attended'),
('P0130', 130, 'Migraine', '2025-03-06', 'Attended'),
('P0131', 131, 'Arrhythmia', '2024-07-24', 'Attended'),
('P0132', 132, 'Fracture', '2024-09-07', 'Missed'),
('P0133', 133, 'Fever', '2024-10-01', 'Attended'),
('P0134', 134, 'Chickenpox', '2025-03-23', 'Attended'),
('P0135', 135, 'Thyroid', '2024-12-27', 'Missed'),
('P0136', 136, 'Flu', '2025-03-31', 'Missed'),
('P0137', 137, 'Flu', '2025-04-18', 'Missed'),
('P0138', 138, 'Hypertension', '2024-09-30', 'Missed'),
('P0139', 139, 'Thyroid', '2025-03-16', 'Attended'),
('P0140', 140, 'Fracture', '2024-07-15', 'Attended'),
('P0141', 141, 'Arthritis', '2024-08-23', 'Missed'),
('P0142', 142, 'Back Pain', '2025-06-22', 'Cancelled'),
('P0143', 143, 'Heart Attack', '2024-08-01', 'Attended'),
('P0144', 144, 'Stroke', '2025-05-11', 'Missed'),
('P0145', 145, 'Fever', '2025-04-19', 'Attended'),
('P0146', 146, 'Epilepsy', '2024-07-12', 'Attended'),
('P0147', 147, 'Arthritis', '2024-12-30', 'Missed'),
('P0148', 148, 'Arthritis', '2025-01-10', 'Attended'),
('P0149', 149, 'Epilepsy', '2025-03-30', 'Cancelled'),
('P0150', 150, 'Migraine', '2025-01-09', 'Attended'),
('P0151', 151, 'Thyroid', '2024-10-02', 'Missed'),
('P0152', 152, 'Fracture', '2024-12-04', 'Attended'),
('P0153', 153, 'Diabetes', '2025-03-08', 'Cancelled'),
('P0154', 154, 'Flu', '2024-07-29', 'Missed'),
('P0155', 155, 'Fever', '2025-05-05', 'Attended'),
('P0156', 156, 'Cold & Cough', '2024-09-08', 'Cancelled'),
('P0157', 157, 'Arthritis', '2024-07-09', 'Attended'),
('P0158', 158, 'Arrhythmia', '2025-05-01', 'Attended'),
('P0159', 159, 'Flu', '2025-06-20', 'Attended'),
('P0160', 160, 'Chickenpox', '2024-12-05', 'Attended'),
('P0161', 161, 'Cold & Cough', '2024-08-29', 'Attended'),
('P0162', 162, 'Arrhythmia', '2025-01-25', 'Attended'),
('P0163', 163, 'Back Pain', '2025-06-08', 'Attended'),
('P0164', 164, 'Diabetes', '2024-12-26', 'Attended'),
('P0165', 165, 'Flu', '2025-03-26', 'Attended'),
('P0166', 166, 'Back Pain', '2025-05-14', 'Attended'),
('P0167', 167, 'Back Pain', '2025-06-07', 'Attended'),
('P0168', 168, 'Stroke', '2024-11-16', 'Missed'),
('P0169', 169, 'Heart Attack', '2024-08-16', 'Attended'),
('P0170', 170, 'Flu', '2025-02-26', 'Attended'),
('P0171', 171, 'Back Pain', '2024-10-17', 'Attended'),
('P0172', 172, 'Cold & Cough', '2024-12-05', 'Attended'),
('P0173', 173, 'Chickenpox', '2024-12-26', 'Attended'),
('P0174', 174, 'Heart Attack', '2024-07-23', 'Missed'),
('P0175', 175, 'Diabetes', '2025-02-23', 'Attended'),
('P0176', 176, 'Cold & Cough', '2025-03-23', 'Attended'),
('P0177', 177, 'Fever', '2024-09-20', 'Attended'),
('P0178', 178, 'Back Pain', '2025-04-19', 'Attended'),
('P0179', 179, 'Cold & Cough', '2024-11-17', 'Attended'),
('P0180', 180, 'Hypertension', '2025-02-11', 'Attended'),
('P0181', 181, 'Chickenpox', '2024-09-07', 'Missed'),
('P0182', 182, 'Cold & Cough', '2024-10-05', 'Attended'),
('P0183', 183, 'Flu', '2025-05-01', 'Attended'),
('P0184', 184, 'Diabetes', '2025-04-11', 'Missed'),
('P0185', 185, 'Fever', '2024-08-31', 'Attended'),
('P0186', 186, 'Stroke', '2025-04-24', 'Attended'),
('P0187', 187, 'Flu', '2025-03-03', 'Cancelled'),
('P0188', 188, 'Hypertension', '2024-11-16', 'Missed'),
('P0189', 189, 'Chickenpox', '2025-06-03', 'Missed'),
('P0190', 190, 'Cold & Cough', '2025-04-15', 'Attended'),
('P0191', 191, 'Epilepsy', '2024-08-30', 'Attended'),
('P0192', 192, 'Migraine', '2025-03-10', 'Attended'),
('P0193', 193, 'Flu', '2024-11-24', 'Missed'),
('P0194', 194, 'Thyroid', '2024-11-09', 'Attended'),
('P0195', 195, 'Cold & Cough', '2025-06-19', 'Missed'),
('P0196', 196, 'Cold & Cough', '2025-03-14', 'Cancelled'),
('P0197', 197, 'Stroke', '2025-05-06', 'Missed'),
('P0198', 198, 'Fever', '2024-08-08', 'Missed'),
('P0199', 199, 'Cold & Cough', '2025-04-26', 'Cancelled'),
('P0200', 200, 'Stroke', '2025-05-23', 'Missed'),
('P0201', 201, 'Fever', '2024-08-31', 'Missed'),
('P0202', 202, 'Chickenpox', '2024-12-09', 'Attended'),
('P0203', 203, 'Arthritis', '2024-10-01', 'Attended'),
('P0204', 204, 'Back Pain', '2025-02-09', 'Attended'),
('P0205', 205, 'Chickenpox', '2025-05-10', 'Attended'),
('P0206', 206, 'Fracture', '2025-01-19', 'Cancelled'),
('P0207', 207, 'Hypertension', '2024-12-19', 'Attended'),
('P0208', 208, 'Heart Attack', '2024-12-03', 'Attended'),
('P0209', 209, 'Arthritis', '2025-05-24', 'Attended'),
('P0210', 210, 'Thyroid', '2025-05-21', 'Attended'),
('P0211', 211, 'Flu', '2025-05-23', 'Cancelled'),
('P0212', 212, 'Migraine', '2024-08-19', 'Attended'),
('P0213', 213, 'Back Pain', '2025-02-19', 'Cancelled'),
('P0214', 214, 'Diabetes', '2024-11-17', 'Cancelled'),
('P0215', 215, 'Flu', '2025-01-23', 'Attended'),
('P0216', 216, 'Fracture', '2024-11-30', 'Attended'),
('P0217', 217, 'Chickenpox', '2025-04-28', 'Attended'),
('P0218', 218, 'Fracture', '2025-05-21', 'Attended'),
('P0219', 219, 'Arrhythmia', '2025-04-30', 'Missed'),
('P0220', 220, 'Stroke', '2024-10-31', 'Attended'),
('P0221', 221, 'Flu', '2024-11-18', 'Attended'),
('P0222', 222, 'Hypertension', '2024-12-05', 'Attended'),
('P0223', 223, 'Migraine', '2025-06-26', 'Missed'),
('P0224', 224, 'Migraine', '2024-09-11', 'Missed'),
('P0225', 225, 'Back Pain', '2024-12-15', 'Attended'),
('P0226', 226, 'Cold & Cough', '2024-12-18', 'Attended'),
('P0227', 227, 'Heart Attack', '2025-05-10', 'Missed'),
('P0228', 228, 'Chickenpox', '2024-08-21', 'Missed'),
('P0229', 229, 'Hypertension', '2025-03-23', 'Attended'),
('P0230', 230, 'Back Pain', '2024-11-02', 'Cancelled'),
('P0231', 231, 'Arrhythmia', '2025-02-06', 'Attended'),
('P0232', 232, 'Flu', '2025-01-09', 'Attended'),
('P0233', 233, 'Chickenpox', '2025-05-13', 'Attended'),
('P0234', 234, 'Migraine', '2025-06-14', 'Cancelled'),
('P0235', 235, 'Heart Attack', '2024-09-28', 'Attended'),
('P0236', 236, 'Cold & Cough', '2024-11-23', 'Missed'),
('P0237', 237, 'Epilepsy', '2025-04-07', 'Attended'),
('P0238', 238, 'Fracture', '2025-03-09', 'Attended'),
('P0239', 239, 'Epilepsy', '2025-02-16', 'Attended'),
('P0240', 240, 'Fracture', '2024-08-31', 'Attended'),
('P0241', 241, 'Hypertension', '2024-10-21', 'Attended'),
('P0242', 242, 'Diabetes', '2025-01-26', 'Attended'),
('P0243', 243, 'Stroke', '2025-06-18', 'Missed'),
('P0244', 244, 'Diabetes', '2025-03-09', 'Attended'),
('P0245', 245, 'Stroke', '2025-06-13', 'Missed'),
('P0246', 246, 'Migraine', '2024-07-31', 'Attended'),
('P0247', 247, 'Heart Attack', '2025-06-02', 'Missed'),
('P0248', 248, 'Stroke', '2025-02-06', 'Attended'),
('P0249', 249, 'Heart Attack', '2024-11-29', 'Attended'),
('P0250', 250, 'Hypertension', '2025-04-09', 'Attended'),
('P0251', 251, 'Hypertension', '2024-07-12', 'Attended'),
('P0252', 252, 'Flu', '2024-10-20', 'Cancelled'),
('P0253', 253, 'Hypertension', '2025-06-10', 'Attended'),
('P0254', 254, 'Chickenpox', '2024-11-20', 'Missed'),
('P0255', 255, 'Back Pain', '2025-03-24', 'Attended'),
('P0256', 256, 'Thyroid', '2024-11-21', 'Cancelled'),
('P0257', 257, 'Flu', '2024-11-09', 'Attended'),
('P0258', 258, 'Arrhythmia', '2024-11-03', 'Attended'),
('P0259', 259, 'Thyroid', '2025-01-25', 'Attended'),
('P0260', 260, 'Epilepsy', '2024-10-30', 'Attended'),
('P0261', 261, 'Hypertension', '2025-05-03', 'Attended'),
('P0262', 262, 'Fracture', '2025-04-09', 'Attended'),
('P0263', 263, 'Heart Attack', '2024-08-14', 'Missed'),
('P0264', 264, 'Fracture', '2025-02-25', 'Cancelled'),
('P0265', 265, 'Flu', '2024-11-06', 'Attended'),
('P0266', 266, 'Chickenpox', '2025-06-04', 'Attended'),
('P0267', 267, 'Fracture', '2025-02-04', 'Attended'),
('P0268', 268, 'Migraine', '2025-01-08', 'Attended'),
('P0269', 269, 'Back Pain', '2025-03-22', 'Missed'),
('P0270', 270, 'Thyroid', '2024-07-19', 'Cancelled'),
('P0271', 271, 'Fracture', '2024-09-19', 'Missed'),
('P0272', 272, 'Arthritis', '2024-10-03', 'Attended'),
('P0273', 273, 'Stroke', '2025-04-07', 'Attended'),
('P0274', 274, 'Heart Attack', '2025-03-13', 'Attended'),
('P0275', 275, 'Fracture', '2025-03-10', 'Missed'),
('P0276', 276, 'Thyroid', '2024-07-17', 'Attended'),
('P0277', 277, 'Diabetes', '2024-12-04', 'Attended'),
('P0278', 278, 'Cold & Cough', '2024-10-26', 'Attended'),
('P0279', 279, 'Diabetes', '2025-01-10', 'Attended'),
('P0280', 280, 'Flu', '2025-04-12', 'Attended'),
('P0281', 281, 'Diabetes', '2025-04-23', 'Attended'),
('P0282', 282, 'Migraine', '2024-12-05', 'Attended'),
('P0283', 283, 'Hypertension', '2024-10-02', 'Attended'),
('P0284', 284, 'Thyroid', '2024-11-19', 'Attended'),
('P0285', 285, 'Fracture', '2025-06-15', 'Attended'),
('P0286', 286, 'Fever', '2024-09-26', 'Attended'),
('P0287', 287, 'Chickenpox', '2025-02-01', 'Attended'),
('P0288', 288, 'Hypertension', '2025-02-19', 'Attended'),
('P0289', 289, 'Fracture', '2024-07-26', 'Attended'),
('P0290', 290, 'Flu', '2024-12-21', 'Missed'),
('P0291', 291, 'Fracture', '2024-12-26', 'Attended'),
('P0292', 292, 'Arrhythmia', '2024-07-11', 'Attended'),
('P0293', 293, 'Migraine', '2024-07-27', 'Attended'),
('P0294', 294, 'Stroke', '2024-08-24', 'Attended'),
('P0295', 295, 'Cold & Cough', '2025-06-05', 'Cancelled'),
('P0296', 296, 'Thyroid', '2025-06-02', 'Attended'),
('P0297', 297, 'Fever', '2024-07-04', 'Attended'),
('P0298', 298, 'Back Pain', '2024-09-30', 'Attended'),
('P0299', 299, 'Arthritis', '2025-05-13', 'Attended'),
('P0300', 300, 'Fracture', '2025-02-18', 'Attended'),
('P0301', 301, 'Cold & Cough', '2024-10-02', 'Cancelled'),
('P0302', 302, 'Thyroid', '2025-06-23', 'Attended'),
('P0303', 303, 'Diabetes', '2024-08-27', 'Attended'),
('P0304', 304, 'Back Pain', '2024-09-09', 'Attended'),
('P0305', 305, 'Heart Attack', '2025-05-04', 'Attended'),
('P0306', 306, 'Diabetes', '2024-10-04', 'Cancelled'),
('P0307', 307, 'Cold & Cough', '2024-12-11', 'Attended'),
('P0308', 308, 'Fracture', '2025-05-27', 'Attended'),
('P0309', 309, 'Cold & Cough', '2024-07-18', 'Cancelled'),
('P0310', 310, 'Diabetes', '2025-06-05', 'Attended'),
('P0311', 311, 'Epilepsy', '2025-04-19', 'Attended'),
('P0312', 312, 'Fever', '2024-11-27', 'Attended'),
('P0313', 313, 'Fracture', '2025-05-10', 'Attended'),
('P0314', 314, 'Flu', '2024-09-26', 'Attended'),
('P0315', 315, 'Epilepsy', '2024-09-17', 'Attended'),
('P0316', 316, 'Migraine', '2025-04-10', 'Missed'),
('P0317', 317, 'Arrhythmia', '2025-01-08', 'Attended'),
('P0318', 318, 'Diabetes', '2024-07-31', 'Attended'),
('P0319', 319, 'Diabetes', '2025-04-03', 'Attended'),
('P0320', 320, 'Epilepsy', '2025-06-22', 'Attended'),
('P0321', 321, 'Epilepsy', '2024-10-22', 'Attended'),
('P0322', 322, 'Flu', '2024-08-09', 'Missed'),
('P0323', 323, 'Thyroid', '2024-08-02', 'Missed'),
('P0324', 324, 'Diabetes', '2025-03-13', 'Attended'),
('P0325', 325, 'Back Pain', '2025-04-01', 'Missed'),
('P0326', 326, 'Fracture', '2024-08-09', 'Attended'),
('P0327', 327, 'Diabetes', '2024-10-16', 'Cancelled'),
('P0328', 328, 'Epilepsy', '2025-06-28', 'Attended'),
('P0329', 329, 'Chickenpox', '2025-06-28', 'Attended'),
('P0330', 330, 'Hypertension', '2024-11-08', 'Attended'),
('P0331', 331, 'Arrhythmia', '2024-11-14', 'Attended'),
('P0332', 332, 'Arthritis', '2024-12-04', 'Attended'),
('P0333', 333, 'Heart Attack', '2025-02-02', 'Attended'),
('P0334', 334, 'Stroke', '2025-05-08', 'Missed'),
('P0335', 335, 'Epilepsy', '2024-12-01', 'Attended'),
('P0336', 336, 'Flu', '2024-08-23', 'Missed'),
('P0337', 337, 'Chickenpox', '2025-02-03', 'Attended'),
('P0338', 338, 'Stroke', '2024-08-04', 'Attended'),
('P0339', 339, 'Flu', '2024-09-06', 'Attended'),
('P0340', 340, 'Arrhythmia', '2025-01-07', 'Cancelled'),
('P0341', 341, 'Thyroid', '2024-12-27', 'Missed'),
('P0342', 342, 'Arrhythmia', '2024-11-07', 'Attended'),
('P0343', 343, 'Hypertension', '2025-02-22', 'Attended'),
('P0344', 344, 'Arrhythmia', '2025-03-29', 'Attended'),
('P0345', 345, 'Flu', '2024-11-21', 'Attended'),
('P0346', 346, 'Chickenpox', '2025-04-11', 'Attended'),
('P0347', 347, 'Fever', '2025-05-08', 'Attended'),
('P0348', 348, 'Migraine', '2024-12-14', 'Attended'),
('P0349', 349, 'Flu', '2025-06-25', 'Missed'),
('P0350', 350, 'Epilepsy', '2025-02-18', 'Missed'),
('P0351', 351, 'Arthritis', '2024-07-20', 'Attended'),
('P0352', 352, 'Chickenpox', '2024-08-13', 'Attended'),
('P0353', 353, 'Epilepsy', '2024-12-23', 'Cancelled'),
('P0354', 354, 'Flu', '2025-01-06', 'Attended'),
('P0355', 355, 'Diabetes', '2024-11-01', 'Attended'),
('P0356', 356, 'Back Pain', '2024-12-25', 'Attended'),
('P0357', 357, 'Fever', '2025-03-22', 'Attended'),
('P0358', 358, 'Back Pain', '2024-12-15', 'Attended'),
('P0359', 359, 'Heart Attack', '2024-07-14', 'Attended'),
('P0360', 360, 'Migraine', '2024-10-19', 'Attended'),
('P0361', 361, 'Fever', '2024-11-06', 'Attended'),
('P0362', 362, 'Arthritis', '2024-12-02', 'Attended'),
('P0363', 363, 'Stroke', '2024-10-26', 'Attended'),
('P0364', 364, 'Arrhythmia', '2024-11-24', 'Attended'),
('P0365', 365, 'Back Pain', '2025-03-06', 'Cancelled'),
('P0366', 366, 'Arrhythmia', '2024-09-13', 'Attended'),
('P0367', 367, 'Diabetes', '2025-05-15', 'Missed'),
('P0368', 368, 'Stroke', '2024-12-22', 'Cancelled'),
('P0369', 369, 'Fever', '2024-09-06', 'Missed'),
('P0370', 370, 'Fever', '2025-01-29', 'Missed'),
('P0371', 371, 'Back Pain', '2024-12-15', 'Attended'),
('P0372', 372, 'Arthritis', '2024-11-15', 'Attended'),
('P0373', 373, 'Back Pain', '2025-04-15', 'Cancelled'),
('P0374', 374, 'Migraine', '2024-09-21', 'Attended'),
('P0375', 375, 'Flu', '2025-04-02', 'Attended'),
('P0376', 376, 'Heart Attack', '2024-08-24', 'Cancelled'),
('P0377', 377, 'Chickenpox', '2024-10-07', 'Missed'),
('P0378', 378, 'Heart Attack', '2025-03-05', 'Attended'),
('P0379', 379, 'Chickenpox', '2025-01-19', 'Missed'),
('P0380', 380, 'Thyroid', '2025-06-05', 'Attended'),
('P0381', 381, 'Heart Attack', '2024-07-27', 'Attended'),
('P0382', 382, 'Back Pain', '2024-10-21', 'Cancelled'),
('P0383', 383, 'Flu', '2024-08-10', 'Attended'),
('P0384', 384, 'Flu', '2024-12-16', 'Attended'),
('P0385', 385, 'Diabetes', '2024-10-17', 'Cancelled'),
('P0386', 386, 'Migraine', '2025-03-02', 'Attended'),
('P0387', 387, 'Heart Attack', '2025-01-04', 'Missed'),
('P0388', 388, 'Back Pain', '2024-08-18', 'Attended'),
('P0389', 389, 'Hypertension', '2024-11-01', 'Cancelled'),
('P0390', 390, 'Fever', '2025-03-22', 'Attended'),
('P0391', 391, 'Heart Attack', '2025-03-03', 'Attended'),
('P0392', 392, 'Epilepsy', '2024-08-26', 'Missed'),
('P0393', 393, 'Back Pain', '2024-10-18', 'Attended'),
('P0394', 394, 'Back Pain', '2024-07-13', 'Attended'),
('P0395', 395, 'Hypertension', '2024-10-25', 'Attended'),
('P0396', 396, 'Hypertension', '2025-03-07', 'Attended'),
('P0397', 397, 'Epilepsy', '2025-02-08', 'Missed'),
('P0398', 398, 'Chickenpox', '2025-02-16', 'Missed'),
('P0399', 399, 'Fever', '2025-03-04', 'Attended'),
('P0400', 400, 'Migraine', '2024-08-31', 'Attended'),
('P0401', 401, 'Chickenpox', '2024-12-01', 'Attended'),
('P0402', 402, 'Hypertension', '2025-05-27', 'Missed'),
('P0403', 403, 'Cold & Cough', '2025-03-18', 'Attended'),
('P0404', 404, 'Diabetes', '2024-11-14', 'Attended'),
('P0405', 405, 'Chickenpox', '2024-10-15', 'Attended'),
('P0406', 406, 'Thyroid', '2024-10-13', 'Cancelled'),
('P0407', 407, 'Cold & Cough', '2025-02-08', 'Cancelled'),
('P0408', 408, 'Migraine', '2025-04-16', 'Attended'),
('P0409', 409, 'Heart Attack', '2024-08-30', 'Attended'),
('P0410', 410, 'Stroke', '2024-09-28', 'Cancelled'),
('P0411', 411, 'Fracture', '2025-01-13', 'Missed'),
('P0412', 412, 'Back Pain', '2025-06-08', 'Missed'),
('P0413', 413, 'Flu', '2024-09-18', 'Missed'),
('P0414', 414, 'Arthritis', '2025-04-29', 'Attended'),
('P0415', 415, 'Arrhythmia', '2024-07-12', 'Cancelled'),
('P0416', 416, 'Thyroid', '2025-03-15', 'Attended'),
('P0417', 417, 'Stroke', '2024-07-26', 'Missed'),
('P0418', 418, 'Migraine', '2024-12-10', 'Attended'),
('P0419', 419, 'Arthritis', '2025-05-17', 'Attended'),
('P0420', 420, 'Chickenpox', '2025-05-29', 'Missed'),
('P0421', 421, 'Diabetes', '2024-08-01', 'Attended'),
('P0422', 422, 'Cold & Cough', '2024-11-01', 'Cancelled'),
('P0423', 423, 'Back Pain', '2024-08-18', 'Missed'),
('P0424', 424, 'Back Pain', '2025-05-31', 'Cancelled'),
('P0425', 425, 'Back Pain', '2024-10-12', 'Cancelled'),
('P0426', 426, 'Arthritis', '2024-08-08', 'Missed'),
('P0427', 427, 'Arthritis', '2024-08-22', 'Cancelled'),
('P0428', 428, 'Arthritis', '2025-06-24', 'Attended'),
('P0429', 429, 'Cold & Cough', '2025-06-19', 'Attended'),
('P0430', 430, 'Back Pain', '2024-12-18', 'Cancelled'),
('P0431', 431, 'Back Pain', '2024-09-13', 'Attended'),
('P0432', 432, 'Flu', '2025-01-12', 'Attended'),
('P0433', 433, 'Diabetes', '2025-06-11', 'Attended'),
('P0434', 434, 'Diabetes', '2025-04-06', 'Attended'),
('P0435', 435, 'Back Pain', '2024-09-10', 'Attended'),
('P0436', 436, 'Migraine', '2025-01-02', 'Attended'),
('P0437', 437, 'Cold & Cough', '2024-10-14', 'Attended'),
('P0438', 438, 'Heart Attack', '2025-05-08', 'Missed'),
('P0439', 439, 'Heart Attack', '2025-04-15', 'Cancelled'),
('P0440', 440, 'Hypertension', '2025-02-06', 'Cancelled'),
('P0441', 441, 'Fracture', '2024-07-17', 'Attended'),
('P0442', 442, 'Hypertension', '2024-09-19', 'Cancelled'),
('P0443', 443, 'Thyroid', '2024-08-29', 'Missed'),
('P0444', 444, 'Cold & Cough', '2024-11-25', 'Attended'),
('P0445', 445, 'Chickenpox', '2025-04-13', 'Attended'),
('P0446', 446, 'Arthritis', '2025-03-29', 'Attended'),
('P0447', 447, 'Cold & Cough', '2025-04-14', 'Attended'),
('P0448', 448, 'Heart Attack', '2025-04-28', 'Attended'),
('P0449', 449, 'Migraine', '2025-02-07', 'Attended'),
('P0450', 450, 'Arthritis', '2025-03-07', 'Missed'),
('P0451', 451, 'Hypertension', '2024-10-13', 'Attended'),
('P0452', 452, 'Hypertension', '2024-12-20', 'Attended'),
('P0453', 453, 'Thyroid', '2025-01-05', 'Attended'),
('P0454', 454, 'Arthritis', '2024-07-15', 'Cancelled'),
('P0455', 455, 'Fever', '2025-04-13', 'Attended'),
('P0456', 456, 'Flu', '2025-04-02', 'Attended'),
('P0457', 457, 'Diabetes', '2024-09-20', 'Missed'),
('P0458', 458, 'Arrhythmia', '2024-10-26', 'Missed'),
('P0459', 459, 'Diabetes', '2024-12-16', 'Attended'),
('P0460', 460, 'Flu', '2024-08-03', 'Attended'),
('P0461', 461, 'Flu', '2025-03-09', 'Attended'),
('P0462', 462, 'Hypertension', '2024-12-30', 'Attended'),
('P0463', 463, 'Diabetes', '2025-03-19', 'Missed'),
('P0464', 464, 'Hypertension', '2025-05-16', 'Missed'),
('P0465', 465, 'Diabetes', '2024-10-27', 'Attended'),
('P0466', 466, 'Arrhythmia', '2025-03-23', 'Cancelled'),
('P0467', 467, 'Fever', '2024-09-15', 'Attended'),
('P0468', 468, 'Stroke', '2025-05-22', 'Cancelled'),
('P0469', 469, 'Cold & Cough', '2025-02-02', 'Attended'),
('P0470', 470, 'Diabetes', '2025-01-21', 'Attended'),
('P0471', 471, 'Flu', '2024-08-10', 'Missed'),
('P0472', 472, 'Hypertension', '2024-12-09', 'Missed'),
('P0473', 473, 'Chickenpox', '2025-02-28', 'Attended'),
('P0474', 474, 'Fracture', '2025-04-18', 'Cancelled'),
('P0475', 475, 'Heart Attack', '2025-05-26', 'Missed'),
('P0476', 476, 'Heart Attack', '2025-05-19', 'Attended'),
('P0477', 477, 'Hypertension', '2024-12-08', 'Missed'),
('P0478', 478, 'Cold & Cough', '2024-10-31', 'Attended'),
('P0479', 479, 'Heart Attack', '2025-06-07', 'Missed'),
('P0480', 480, 'Flu', '2024-10-17', 'Attended'),
('P0481', 481, 'Stroke', '2025-01-08', 'Attended'),
('P0482', 482, 'Arrhythmia', '2025-06-15', 'Attended'),
('P0483', 483, 'Flu', '2025-05-01', 'Cancelled'),
('P0484', 484, 'Chickenpox', '2024-07-10', 'Attended'),
('P0485', 485, 'Epilepsy', '2025-05-10', 'Missed'),
('P0486', 486, 'Fever', '2024-12-14', 'Missed'),
('P0487', 487, 'Epilepsy', '2025-03-02', 'Attended'),
('P0488', 488, 'Chickenpox', '2025-03-11', 'Attended'),
('P0489', 489, 'Epilepsy', '2024-10-18', 'Missed'),
('P0490', 490, 'Arrhythmia', '2025-06-17', 'Attended'),
('P0491', 491, 'Thyroid', '2024-07-12', 'Attended'),
('P0492', 492, 'Thyroid', '2025-04-03', 'Attended'),
('P0493', 493, 'Arthritis', '2025-07-03', 'Cancelled'),
('P0494', 494, 'Arrhythmia', '2024-08-09', 'Attended'),
('P0495', 495, 'Epilepsy', '2025-06-17', 'Attended'),
('P0496', 496, 'Arthritis', '2024-11-08', 'Attended'),
('P0497', 497, 'Arthritis', '2025-02-13', 'Missed'),
('P0498', 498, 'Fever', '2024-10-26', 'Cancelled'),
('P0499', 499, 'Arthritis', '2024-12-27', 'Attended'),
('P0500', 500, 'Stroke', '2024-11-01', 'Attended');


select*from appointments;


-- basic questions --

-- Find appointments with status Cancelled --
SELECT * FROM appointments WHERE Appointment_Status = 'Cancelled';

-- List appointments scheduled on a specific date --
SELECT * FROM appointments WHERE Appointment_Date = '2024-11-07';

-- Show patients younger than 30. --
SELECT * FROM patients WHERE Age < 30;

 --  List all female patients. --
 select * from patients where Gender = "female" ;
 
 -- List appointments that were missed. --
select* from appointments where Appointment_Status = "Missed";
   
-- List all diseases treated in the hospital. --
select distinct Disease from appointments;

--  Count of appointments by appointment status --
SELECT Appointment_Status, COUNT(*) AS Total
FROM appointments
GROUP BY Appointment_Status;

-- Show all patients with names ending in 'n' --
SELECT * FROM patients
WHERE Name LIKE '%n';

-- Find total appointments by status, but only include statuses starting with 'A' or 'M'. --
SELECT Appointment_Status, COUNT(*) AS Total
FROM appointments
WHERE Appointment_Status LIKE 'A%' OR Appointment_Status LIKE 'M%'
GROUP BY Appointment_Status
ORDER BY Total DESC;

--
select*from patients;
select*from doctors;
select*from departments;
select*from appointments;
--


 -- joins questions--
   
  -- How many doctors are working in each department? --
SELECT d.Department, COUNT(*) AS Total_Doctors
FROM doctors doc
JOIN departments d ON doc.Department_ID = d.Department_ID
GROUP BY d.Department; 
   

   -- Find all doctors in the Cardiology department --
   select  doctor, department from 
   doctors as doc
   join 
   departments as d on 
   d.Department_ID = doc.Department_ID
   where  d. Department = "Cardiology";
   
   -- List names of patients and the doctors they visited. --
SELECT p.Name AS Patient_Name, doc.Doctor AS Doctor_Name
FROM 
appointments a
JOIN 
patients p ON 
a.Patient_ID = p.Patient_ID
JOIN
 doctors doc ON 
 a.Doctor_ID = doc.Doctor_ID;

  -- Get number of appointments per doctor. --
  select*from appointments;
  select doc.doctor , count(*) Total_appointments
  from 
  appointments as A
  join
  doctors as doc on 
  A.Doctor_ID = doc.Doctor_ID
  group by doc.doctor_id;
  
   -- Show patient name, age, department, and doctor they visited. --
    select p.name , p.age , doc.doctor ,d.department
    from 
    appointments A
    join
    patients as p on
    p.Patient_ID = A.Patient_ID
    join 
    doctors as doc on 
    doc.Doctor_ID = A.Doctor_ID
    join
    departments as d on
    d.Department_ID = doc.Department_ID;
    
  -- List patients with their appointment status and disease --  
SELECT p.Name, a.Disease, a.Appointment_Status
FROM appointments a
JOIN patients p ON a.Patient_ID = p.Patient_ID;
    
    
    
    -- subqueries questions --
    
    -- List doctors who had appointments with patients over age 60 --
    
    SELECT Doctor FROM doctors WHERE Doctor_ID IN 
    (SELECT Doctor_ID FROM appointments a
    JOIN 
    patients p ON 
    a.Patient_ID = p.Patient_ID
    WHERE p.Age > 60);
    
    
    -- Find departments that have more than 100 doctors --
    
    SELECT Department FROM departments WHERE Department_ID IN
    (SELECT Department_ID FROM doctors
    GROUP BY Department_ID
    HAVING COUNT(*) > 100);

	-- Find names of patients who were treated for 'Diabetes' --
    
    SELECT Name FROM patients WHERE Patient_ID IN 
    (SELECT Patient_ID FROM appointments
    WHERE Disease = 'Diabetes');
    
    
    -- Show the most visited doctor with appointment count --
    SELECT Doctor, Total_Appointments FROM (SELECT d.Doctor, COUNT(a.Appointment_ID) AS Total_Appointments
    FROM appointments a
    JOIN doctors d 
    ON a.Doctor_ID = d.Doctor_ID
    GROUP BY d.Doctor
    ORDER BY Total_Appointments DESC
    LIMIT 1) AS Most_Visited;
    
    
    -- List the oldest patients in the system --

    SELECT Name, Age FROM patients WHERE Age = (SELECT MAX(Age) FROM patients);
 
 -- Show the youngest patient who missed an appointment --
 SELECT Name, Age FROM patients WHERE Age = 
 (SELECT MIN(Age) FROM patients
 WHERE Patient_ID IN 
 (SELECT Patient_ID FROM appointments
  WHERE Appointment_Status = 'Missed'));
  
 